Filename,True Label,Predicted Label
construction_drill_1.wav,construction,construction
construction_drill_10.wav,construction,construction
construction_drill_11.wav,construction,construction
construction_drill_12.wav,construction,construction
construction_drill_13.wav,construction,construction
construction_drill_14.wav,construction,construction
construction_drill_15.wav,construction,construction
construction_drill_16.wav,construction,construction
construction_drill_17.wav,construction,construction
construction_drill_18.wav,construction,construction
construction_drill_19.wav,construction,construction
construction_drill_2.wav,construction,construction
construction_drill_20.wav,construction,construction
construction_drill_21.wav,construction,construction
construction_drill_22.wav,construction,construction
construction_drill_23.wav,construction,construction
construction_drill_24.wav,construction,construction
construction_drill_25.wav,construction,construction
construction_drill_26.wav,construction,construction
construction_drill_27.wav,construction,construction
construction_drill_28.wav,construction,construction
construction_drill_29.wav,construction,construction
construction_drill_3.wav,construction,construction
construction_drill_30.wav,construction,construction
construction_drill_31.wav,construction,construction
construction_drill_32.wav,construction,construction
construction_drill_33.wav,construction,construction
construction_drill_34.wav,construction,construction
construction_drill_35.wav,construction,construction
construction_drill_36.wav,construction,construction
others_101.wav,others,others
others_102.wav,others,others
others_103.wav,others,others
others_104.wav,others,others
others_105.wav,others,others
others_106.wav,others,others
others_107.wav,others,others
others_108.wav,others,others
others_109.wav,others,others
others_110.wav,others,others
others_111.wav,others,others
others_112.wav,others,others
others_113.wav,others,others
others_114.wav,others,others
others_115.wav,others,others
others_116.wav,others,others
others_117.wav,others,others
others_118.wav,others,others
others_119.wav,others,others
others_120.wav,others,others
others_121.wav,others,others
others_122.wav,others,others
others_123.wav,others,others
others_124.wav,others,others
others_125.wav,others,others
others_126.wav,others,others
others_127.wav,others,others
others_128.wav,others,others
others_129.wav,others,others
others_130.wav,others,others
